{"name":"Day","identifier":"FUUVV59PUW","description":null,"slotTypeValues":[{"sampleValue":{"value":"Monday"},"synonyms":null},{"sampleValue":{"value":"Tuesday"},"synonyms":null},{"sampleValue":{"value":"Wednesday"},"synonyms":null},{"sampleValue":{"value":"Thursday"},"synonyms":null},{"sampleValue":{"value":"Friday"},"synonyms":null},{"sampleValue":{"value":"Saturday"},"synonyms":null},{"sampleValue":{"value":"Sunday"},"synonyms":null}],"parentSlotTypeSignature":null,"valueSelectionSetting":{"regexFilter":null,"resolutionStrategy":"ORIGINAL_VALUE"}}