{"name":"AskForWebsite","identifier":"OR69ZGEHIY","description":"Helps users access either the main website or the service website.","parentIntentSignature":null,"sampleUtterances":[{"utterance":"I want the website"},{"utterance":"What is the website"},{"utterance":"What is the website url"},{"utterance":"What is the {WhatWebsite} url?"},{"utterance":"What is the the url for the {WhatWebsite} ?"},{"utterance":"What is the {WhatWebsite} ?"}],"intentConfirmationSetting":null,"intentClosingSetting":null,"inputContexts":null,"outputContexts":null,"kendraConfiguration":null,"dialogCodeHook":{"enabled":false},"fulfillmentCodeHook":{"fulfillmentUpdatesSpecification":null,"postFulfillmentStatusSpecification":null,"enabled":true},"slotPriorities":[{"priority":1,"slotName":"WhatWebsite"}]}