{"name":"GetStoreName","identifier":"IFO0EHTDRF","description":null,"parentIntentSignature":null,"sampleUtterances":[{"utterance":"What is the store"},{"utterance":"What is the store name"}],"intentConfirmationSetting":null,"intentClosingSetting":{"isActive":true,"closingResponse":{"allowInterrupt":true,"messageGroupsList":[{"message":{"imageResponseCard":null,"customPayload":null,"plainTextMessage":{"value":"The store is AutoNation Chrysler Dodge Jeep Ram Bellevue"},"ssmlMessage":null},"variations":null}]}},"inputContexts":null,"outputContexts":null,"kendraConfiguration":null,"dialogCodeHook":null,"fulfillmentCodeHook":null,"slotPriorities":[]}