{"name":"WhatWebsite","identifier":"4T5HU1F78J","description":null,"slotTypeName":"Website","obfuscationSetting":null,"valueElicitationSetting":{"promptSpecification":{"allowInterrupt":true,"messageGroupsList":[{"message":{"imageResponseCard":null,"customPayload":null,"plainTextMessage":{"value":"Do you want the main website or the service website?"},"ssmlMessage":null},"variations":[{"imageResponseCard":null,"customPayload":null,"plainTextMessage":{"value":"Would you like the main website or the service website?"},"ssmlMessage":null}]}],"maxRetries":4},"defaultValueSpecification":null,"waitAndContinueSpecification":null,"slotConstraint":"Required","sampleUtterances":[{"utterance":"I want the main website"},{"utterance":"I want the service website"},{"utterance":"The main website"},{"utterance":"The service website"},{"utterance":"main"},{"utterance":"service"},{"utterance":"I want the repair website"},{"utterance":"I want the business website"}]},"multipleValuesSetting":null}