{"name":"GetStoreHours","identifier":"GWZ1FYI9DD","description":null,"parentIntentSignature":null,"sampleUtterances":[{"utterance":"What are the store hours?"},{"utterance":"When does the store close on {Day} ?"},{"utterance":"When does {Section} close on {Day}"},{"utterance":"What time does {Section} open?"},{"utterance":"What time does the store open on {Day} ?"},{"utterance":"What are the stores hours this week"},{"utterance":"When does the store open?"}],"intentConfirmationSetting":null,"intentClosingSetting":null,"inputContexts":null,"outputContexts":null,"kendraConfiguration":null,"dialogCodeHook":null,"fulfillmentCodeHook":{"fulfillmentUpdatesSpecification":null,"postFulfillmentStatusSpecification":null,"enabled":true},"slotPriorities":[{"priority":1,"slotName":"Section"},{"priority":2,"slotName":"Day"}]}