{"name":"ScheduleCarService","identifier":"2NAZAKOUQH","description":null,"parentIntentSignature":null,"sampleUtterances":[{"utterance":"I would like to schedule service for my car"},{"utterance":"I would like to schedule service"},{"utterance":"Where can I schedule for service for my car"},{"utterance":"Where can I schedule for service"}],"intentConfirmationSetting":null,"intentClosingSetting":{"isActive":true,"closingResponse":{"allowInterrupt":true,"messageGroupsList":[{"message":{"imageResponseCard":null,"customPayload":null,"plainTextMessage":{"value":"You can schedule your car for service at: https://www.autonation.com/schedule-store-appointment/chrysler-dodge-jeep-ram-bellevue-wa?sc_lang=en"},"ssmlMessage":null},"variations":null}]}},"inputContexts":null,"outputContexts":null,"kendraConfiguration":null,"dialogCodeHook":null,"fulfillmentCodeHook":null,"slotPriorities":[]}