{"name":"GetStoreLocation","identifier":"AOKK1GPPFJ","description":null,"parentIntentSignature":null,"sampleUtterances":[{"utterance":"Where is the store?"},{"utterance":"Store location"},{"utterance":"How can I find the store?"},{"utterance":"What are the directions to the store"}],"intentConfirmationSetting":null,"intentClosingSetting":{"isActive":true,"closingResponse":{"allowInterrupt":true,"messageGroupsList":[{"message":{"imageResponseCard":null,"customPayload":null,"plainTextMessage":{"value":"The store location is 120 116th Avenue NE, Bellevue, Washington, 98004."},"ssmlMessage":null},"variations":null}]}},"inputContexts":null,"outputContexts":null,"kendraConfiguration":null,"dialogCodeHook":null,"fulfillmentCodeHook":null,"slotPriorities":[]}