{"name":"GetNumber","identifier":"KWHFBNMTEY","description":null,"parentIntentSignature":null,"sampleUtterances":[{"utterance":"I want the number"},{"utterance":"I want the {Location} number"},{"utterance":"What is the number for the store?"},{"utterance":"What is the store number"},{"utterance":"{Location} number of store"},{"utterance":"What is the {Location} ID?"},{"utterance":"What is the {Location} number?"}],"intentConfirmationSetting":null,"intentClosingSetting":null,"inputContexts":null,"outputContexts":null,"kendraConfiguration":null,"dialogCodeHook":null,"fulfillmentCodeHook":{"fulfillmentUpdatesSpecification":null,"postFulfillmentStatusSpecification":null,"enabled":true},"slotPriorities":[{"priority":1,"slotName":"Location"}]}